claim_id,claim,implication,scope,language,market,jurisdiction,status,evidence,owner,approved_channels,qualifier,approved_for_publish,expires_at
C-001,"DPF cleaning from 100 EUR","A qualifying passenger filter can be serviced at or above a real starting price",website,"ru|et|en",Estonia,EE,OBSERVED_ONLY,"SRC-002 current publication only","Luka and Danik",WEB,"Price drivers and VAT/eligibility need confirmation",false,
C-002,"Commercial-vehicle DPF cleaning from 200 EUR","A qualifying commercial filter can be serviced at or above a real starting price",website,"ru|et|en",Estonia,EE,OBSERVED_ONLY,"SRC-002 current publication only","Luka and Danik",WEB,"Price drivers and VAT/eligibility need confirmation",false,
C-003,"Cleaning/turnaround within 24 hours","The complete applicable service path can reliably finish inside 24 hours",website,"ru|et|en",Estonia,EE,OBSERVED_ONLY,"SRC-002 current publication only","Luka and Danik",WEB,"Define start/end events service area partner waits exceptions and capacity",false,
C-004,"Restore up to 98 percent of flow capacity","DPFLAB has a valid repeatable measurement establishing this result",website,"ru|et|en",Estonia,EE,OBSERVED_ONLY,"SRC-002 current publication only","Luka and Danik",WEB,"Requires test protocol equipment calibration denominator and result records",false,
C-005,"Guarantee of the cleaning result","A defined remedy duration eligibility and exclusion policy exists",website,"ru|et|en",Estonia,EE,OBSERVED_ONLY,"SRC-002 current publication only","Luka and Danik",WEB,"Guarantee terms and remedy must be approved and visible",false,
C-006,"DPFLAB collects and returns the filter","Collection and return are operationally available within a defined area and conditions",website,"ru|et|en",Estonia,EE,OBSERVED_ONLY,"SRC-002|SRC-005","Luka and Danik",WEB,"Service area timing price and partner dependency need confirmation",false,
C-007,"Works with all DPF and FAP filter types","There are no relevant exclusions by vehicle filter damage material or configuration",website,"ru|et|en",Estonia,EE,OBSERVED_ONLY,"SRC-002 current publication only","Luka and Danik",WEB,"Replace universal wording with evidenced eligibility/exclusions",false,
C-008,"Motorlab OÜ identity address and opening hours shown on the site","The named entity location and hours are current and authorized",website,"ru|et|en",Estonia,EE,OBSERVED_ONLY,"SRC-002 current publication only","Luka and Danik",WEB,"Verify registry identity operating address and actual staffed hours",false,
C-009,"DPFLAB contact phone is +372 5555 5014","This is the authorized public response number",website,ALL,Estonia,EE,VERIFIED_OWNER,"SRC-005 explicitly supplied for the project",Egor,WEB,"Use normalized tel link +37255555014",true,
